id,first_name,last_name,Grade Level,gradeOne,gradeTwo,gradeThree,email,gender
1,Forest,Westall,11,47,9,56,fwestall0@vistaprint.com,Male
2,Bo,Westoll,9,88,43,69,bwestoll1@fda.gov,Male
3,Miller,Merryfield,11,58,68,91,mmerryfield2@buzzfeed.com,Male
4,Eryn,Okey,12,53,65,56,eokey3@independent.co.uk,Female
5,Heidi,Fiander,12,23,84,4,hfiander4@archive.org,Female
6,Carlie,Minghetti,10,100,59,10,cminghetti5@storify.com,Male
7,Barnard,Brafferton,11,93,75,12,bbrafferton6@youtube.com,Male
8,Lillian,Dobbie,9,4,72,62,ldobbie7@arizona.edu,Female
9,Shannon,Fellgett,9,44,66,83,sfellgett8@friendfeed.com,Male
10,Wake,Capinetti,9,20,40,68,wcapinetti9@symantec.com,Male
11,Holly,Baird,12,30,84,43,hbairda@sohu.com,Female
12,Stephan,Jiruca,11,71,9,60,sjirucab@state.gov,Male
13,Ros,Hanmer,11,74,92,64,rhanmerc@shutterfly.com,Female
14,Odella,Gibbe,11,18,51,43,ogibbed@webnode.com,Female
15,Niko,Partridge,12,29,21,2,npartridgee@washingtonpost.com,Male
16,Whitney,Gavin,11,17,0,50,wgavinf@indiatimes.com,Female
17,Sanderson,Heckney,9,69,93,46,sheckneyg@mapy.cz,Male
18,Basilio,Batrim,9,53,8,23,bbatrimh@gizmodo.com,Male
19,Wilfrid,Bosma,10,37,21,16,wbosmai@friendfeed.com,Male
20,Yehudi,Grinley,12,85,39,60,ygrinleyj@about.me,Male
21,Fernandina,Cooney,11,19,20,37,fcooneyk@github.io,Female
22,Riccardo,Lavrick,12,87,20,74,rlavrickl@cisco.com,Male
23,Corbett,Underhill,11,39,21,98,cunderhillm@japanpost.jp,Male
24,Helyn,Fawlkes,10,85,7,73,hfawlkesn@php.net,Female
25,Ogdan,Drummond,10,25,67,77,odrummondo@discuz.net,Male
26,Rois,Bartlett,10,17,39,90,rbartlettp@amazon.co.uk,Female
27,Vincent,Batrop,12,71,28,1,vbatropq@pagesperso-orange.fr,Male
28,Hagen,Golland,12,73,16,25,hgollandr@ucla.edu,Male
29,Modestia,Mibourne,11,54,39,38,mmibournes@gnu.org,Female
30,Estel,Burnhill,11,32,49,58,eburnhillt@myspace.com,Female
31,Barty,Marsh,11,76,89,3,bmarshu@imdb.com,Male
32,Charlot,Costin,9,88,71,64,ccostinv@wp.com,Female
33,Adrienne,Gromley,11,60,38,21,agromleyw@fc2.com,Female
34,Chuck,Skrine,9,2,19,23,cskrinex@wikimedia.org,Male
35,Ruthie,Wilfinger,9,68,51,35,rwilfingery@deviantart.com,Female
36,Janifer,Brandt,12,46,5,2,jbrandtz@geocities.com,Female
37,Merl,Phinn,11,86,2,73,mphinn10@theatlantic.com,Female
38,Griz,Kalb,11,66,36,38,gkalb11@boston.com,Male
39,Janeta,MacNeilley,12,66,56,22,jmacneilley12@auda.org.au,Female
40,Colver,Brahm,11,45,3,7,cbrahm13@spiegel.de,Male
41,Valentine,Falla,10,58,11,92,vfalla14@t.co,Male
42,Conny,Bolver,9,67,83,6,cbolver15@livejournal.com,Male
43,Cathleen,Demageard,11,28,73,41,cdemageard16@scientificamerican.com,Female
44,Sammy,Haly,11,97,98,84,shaly17@sakura.ne.jp,Female
45,Guilbert,Bowler,11,39,40,16,gbowler18@google.es,Male
46,Say,MacKean,12,40,83,72,smackean19@zdnet.com,Male
47,Janie,Fraulo,9,46,36,45,jfraulo1a@disqus.com,Female
48,Pincas,Jeeves,12,85,31,74,pjeeves1b@nytimes.com,Male
49,Clo,Grabban,12,100,32,99,cgrabban1c@tinypic.com,Female
50,Margarete,Walklett,12,17,7,81,mwalklett1d@admin.ch,Female
51,Luigi,Dorkin,9,55,97,41,ldorkin1e@telegraph.co.uk,Male
52,Haily,Danieli,9,86,12,86,hdanieli1f@mozilla.org,Male
53,Balduin,Chezelle,11,78,59,20,bchezelle1g@netscape.com,Male
54,Milicent,Hevner,12,65,38,96,mhevner1h@mail.ru,Female
55,Veradis,McArdell,12,40,53,76,vmcardell1i@reddit.com,Female
56,Layne,Cartmael,10,20,61,11,lcartmael1j@tiny.cc,Female
57,Jedd,Rousell,12,15,8,69,jrousell1k@miitbeian.gov.cn,Male
58,Tiff,Claus,12,87,60,79,tclaus1l@washington.edu,Female
59,Sherrie,O'Doran,9,77,70,79,sodoran1m@cbc.ca,Female
60,Justin,Merriott,11,21,15,89,jmerriott1n@cisco.com,Male
61,Rodie,Rumsby,10,34,77,31,rrumsby1o@nba.com,Female
62,Tarrah,Bleazard,9,20,6,87,tbleazard1p@live.com,Female
63,Hubie,Bartomieu,12,96,58,35,hbartomieu1q@trellian.com,Male
64,Tarrance,Ockland,10,88,13,41,tockland1r@youku.com,Male
65,Corenda,Isakov,11,34,4,98,cisakov1s@ed.gov,Female
66,Herbert,Southey,9,95,58,47,hsouthey1t@noaa.gov,Male
67,Antonetta,Mallabar,12,83,42,19,amallabar1u@163.com,Female
68,Meryl,Duffus,10,73,20,86,mduffus1v@purevolume.com,Female
69,Kathrine,Warburton,9,3,86,87,kwarburton1w@ox.ac.uk,Female
70,Kattie,Aylmore,12,50,23,93,kaylmore1x@deliciousdays.com,Female
71,Matteo,Walak,11,90,67,58,mwalak1y@163.com,Male
72,Lizette,Loyley,11,4,54,4,lloyley1z@skyrock.com,Female
73,Marlo,Tebbet,11,13,17,88,mtebbet20@microsoft.com,Male
74,Wade,Fletham,12,51,0,69,wfletham21@etsy.com,Male
75,Gal,Connah,11,95,2,22,gconnah22@army.mil,Male
76,Willem,Flanaghan,9,16,74,86,wflanaghan23@cdbaby.com,Male
77,Nan,Minear,12,95,23,84,nminear24@sfgate.com,Female
78,Teirtza,Clement,10,2,29,24,tclement25@mozilla.org,Female
79,Aubrey,Lawrance,9,20,69,15,alawrance26@pagesperso-orange.fr,Female
80,Cliff,Remmer,9,65,60,35,cremmer27@1688.com,Male
81,Tillie,Robak,12,98,20,81,trobak28@ted.com,Female
82,Maggee,Etherington,9,70,61,81,metherington29@opera.com,Female
83,Far,Junes,11,75,7,8,fjunes2a@printfriendly.com,Male
84,Brewer,Jenkinson,10,23,18,74,bjenkinson2b@state.gov,Male
85,Benton,Pfaffel,11,57,28,68,bpfaffel2c@furl.net,Male
86,Darcey,Vakhlov,9,71,31,5,dvakhlov2d@samsung.com,Female
87,Birgit,Lawley,12,52,40,62,blawley2e@usnews.com,Female
88,Rasla,Harnott,11,3,97,64,rharnott2f@google.cn,Female
89,Chloe,Tolliday,11,71,56,56,ctolliday2g@noaa.gov,Female
90,Tobias,Greswell,10,96,34,43,tgreswell2h@canalblog.com,Male
91,Ingrid,Geldart,11,76,64,13,igeldart2i@amazon.co.uk,Female
92,Jena,Oakenfall,11,56,26,59,joakenfall2j@mediafire.com,Female
93,Creighton,Kingstne,12,95,90,31,ckingstne2k@admin.ch,Male
94,Pietra,Tuma,11,96,24,85,ptuma2l@webmd.com,Female
95,Obie,Isaksen,10,99,47,33,oisaksen2m@unicef.org,Male
96,Clemence,Heakey,9,26,95,99,cheakey2n@barnesandnoble.com,Female
97,Sumner,Albro,9,24,27,23,salbro2o@ocn.ne.jp,Male
98,Annabelle,Pottes,11,88,10,21,apottes2p@go.com,Female
99,Simona,Whiteside,9,82,71,44,swhiteside2q@booking.com,Female
100,Umeko,Garham,11,44,41,86,ugarham2r@bluehost.com,Female
101,Betteann,Bolte,10,3,71,73,bbolte2s@webeden.co.uk,Female
102,Jenica,Rolles,12,35,68,36,jrolles2t@naver.com,Female
103,Ninette,Lund,11,37,49,61,nlund2u@angelfire.com,Female
104,Caryl,Lambrick,10,71,68,0,clambrick2v@friendfeed.com,Female
105,Marisa,Saladine,10,74,14,76,msaladine2w@furl.net,Female
106,Fleur,Serrels,10,34,73,65,fserrels2x@squarespace.com,Female
107,Galven,Soonhouse,9,82,53,100,gsoonhouse2y@tripadvisor.com,Male
108,Reg,Pleass,11,17,51,31,rpleass2z@wordpress.org,Male
109,Blondie,Hallagan,10,86,86,4,bhallagan30@techcrunch.com,Female
110,Salli,Gavaghan,10,57,82,64,sgavaghan31@bloomberg.com,Female
111,Valentine,Rosendall,12,12,44,18,vrosendall32@howstuffworks.com,Female
112,Nealon,Sebright,11,91,0,22,nsebright33@edublogs.org,Male
113,Worden,Hasell,12,89,2,21,whasell34@reuters.com,Male
114,Harbert,Churms,9,9,86,53,hchurms35@telegraph.co.uk,Male
115,Claudianus,Hackley,10,1,22,74,chackley36@netvibes.com,Male
116,Emlen,Merrgen,12,44,85,1,emerrgen37@ezinearticles.com,Male
117,Tedman,Grinyer,11,37,70,50,tgrinyer38@weibo.com,Male
118,Yulma,Malling,9,41,17,7,ymalling39@adobe.com,Male
119,Alphard,Hevner,10,99,66,54,ahevner3a@disqus.com,Male
120,Dona,Jorck,9,33,78,30,djorck3b@europa.eu,Female
121,Franciskus,Laverenz,9,34,94,12,flaverenz3c@squidoo.com,Male
122,Emmott,Hopkins,9,32,75,10,ehopkins3d@hp.com,Male
123,Reid,Garrity,10,12,75,58,rgarrity3e@fastcompany.com,Male
124,Arvin,Lesslie,10,54,30,94,alesslie3f@domainmarket.com,Male
125,Mariya,Hardeman,9,24,22,97,mhardeman3g@google.ru,Female
126,Edie,Chesney,10,89,62,30,echesney3h@google.fr,Female
127,Reggi,Pellew,10,52,52,23,rpellew3i@cloudflare.com,Female
128,Roseann,Dibble,11,65,25,57,rdibble3j@wufoo.com,Female
129,Bucky,Avramov,11,98,95,66,bavramov3k@de.vu,Male
130,Rodrique,Hounsom,9,70,77,9,rhounsom3l@smugmug.com,Male
131,Bo,Connett,9,15,26,60,bconnett3m@engadget.com,Male
132,Sisile,Hillhouse,12,28,86,49,shillhouse3n@mediafire.com,Female
133,Homere,Meriel,10,11,52,5,hmeriel3o@quantcast.com,Male
134,Reeta,Sheddan,9,35,98,80,rsheddan3p@storify.com,Female
135,Eziechiele,Codner,10,76,2,39,ecodner3q@google.pl,Male
136,Tracy,Iddons,9,8,9,50,tiddons3r@weebly.com,Male
137,Ximenez,Lowsely,9,20,44,32,xlowsely3s@army.mil,Male
138,Carole,Westberg,10,12,86,59,cwestberg3t@51.la,Female
139,Bibby,Father,9,30,8,11,bfather3u@ted.com,Female
140,Kimmy,Carnalan,12,68,27,85,kcarnalan3v@amazon.co.uk,Female
141,Dottie,Toyne,10,70,18,59,dtoyne3w@jalbum.net,Female
142,Ned,Pettet,12,41,91,71,npettet3x@hatena.ne.jp,Male
143,Arty,Tellenbroker,12,81,23,59,atellenbroker3y@myspace.com,Male
144,Nickie,Shall,11,13,10,19,nshall3z@paginegialle.it,Male
145,Adlai,Thies,11,48,57,91,athies40@kickstarter.com,Male
146,Laughton,Fermer,11,62,27,48,lfermer41@rediff.com,Male
147,Teriann,Tew,12,4,11,30,ttew42@youku.com,Female
148,Fairfax,Dougliss,10,90,33,57,fdougliss43@behance.net,Male
149,Karrah,Wathen,9,50,9,71,kwathen44@jugem.jp,Female
150,Grace,Duguid,9,91,81,21,gduguid45@time.com,Male
151,Dwight,Kybird,12,52,75,23,dkybird46@taobao.com,Male
152,Timoteo,Davidavidovics,10,56,94,80,tdavidavidovics47@msu.edu,Male
153,Cindelyn,Dunks,10,55,55,32,cdunks48@google.ru,Female
154,Shoshana,Hensmans,9,76,14,25,shensmans49@yellowbook.com,Female
155,Wyn,Lant,12,51,53,8,wlant4a@yolasite.com,Male
156,Dayle,Mifflin,10,18,50,12,dmifflin4b@msu.edu,Female
157,Carr,Sennett,12,69,81,39,csennett4c@msn.com,Male
158,Yetta,Burtonshaw,11,85,92,63,yburtonshaw4d@umich.edu,Female
159,Candida,Lampl,9,9,25,78,clampl4e@google.com.br,Female
160,Nils,Phizacklea,9,77,36,23,nphizacklea4f@washingtonpost.com,Male
161,Brody,Osipov,9,19,11,80,bosipov4g@dagondesign.com,Male
162,Gardner,Trulock,11,28,46,40,gtrulock4h@va.gov,Male
163,Tynan,Carcas,12,37,86,92,tcarcas4i@google.fr,Male
164,Elinor,Leas,9,90,98,82,eleas4j@yolasite.com,Female
165,Layney,McLachlan,12,37,29,34,lmclachlan4k@epa.gov,Female
166,Terry,Duffan,11,58,99,20,tduffan4l@icio.us,Female
167,Kristina,Birks,10,70,8,92,kbirks4m@dot.gov,Female
168,Cristian,Bebb,10,35,15,59,cbebb4n@guardian.co.uk,Male
169,Toni,Darrington,10,27,90,85,tdarrington4o@tiny.cc,Female
170,Natal,Mennear,11,52,54,69,nmennear4p@is.gd,Male
171,Cahra,Brewers,11,0,75,81,cbrewers4q@google.de,Female
172,Engelbert,Tinwell,11,10,71,31,etinwell4r@disqus.com,Male
173,Hasty,Adacot,12,28,48,45,hadacot4s@tamu.edu,Male
174,Claudell,Shoosmith,11,74,98,55,cshoosmith4t@cbslocal.com,Male
175,Rollie,Winkle,11,14,66,88,rwinkle4u@163.com,Male
176,Kameko,Newbury,9,73,60,24,knewbury4v@unesco.org,Female
177,Maud,Yu,9,19,75,87,myu4w@businessweek.com,Female
178,Trey,Opfer,12,29,65,50,topfer4x@shinystat.com,Male
179,Renard,MacNalley,12,0,93,87,rmacnalley4y@usatoday.com,Male
180,Goldina,McCurtin,12,24,87,22,gmccurtin4z@blogspot.com,Female
181,Agatha,Janaszkiewicz,11,27,67,57,ajanaszkiewicz50@digg.com,Female
182,Winnie,Smidmore,12,14,37,98,wsmidmore51@disqus.com,Male
183,Rhea,Macer,10,92,83,4,rmacer52@jugem.jp,Female
184,Sibley,Whitehorne,9,100,29,7,swhitehorne53@usgs.gov,Female
185,Brandon,Wernham,11,76,68,98,bwernham54@vistaprint.com,Male
186,Merilyn,MacCosto,12,0,92,47,mmaccosto55@economist.com,Female
187,Demetris,Mattiuzzi,11,47,71,83,dmattiuzzi56@php.net,Female
188,Horst,Pietrusiak,11,43,70,77,hpietrusiak57@devhub.com,Male
189,Ellyn,Skitt,10,43,4,52,eskitt58@dell.com,Female
190,Irvin,Studeart,12,73,32,5,istudeart59@intel.com,Male
191,Abel,Peinke,10,33,54,97,apeinke5a@shareasale.com,Male
192,Erin,Livesley,11,67,71,51,elivesley5b@gnu.org,Female
193,Pren,Farnin,9,58,8,0,pfarnin5c@ovh.net,Male
194,Aldis,Cancellieri,12,36,48,36,acancellieri5d@tmall.com,Male
195,Stesha,Quinney,9,8,46,45,squinney5e@51.la,Female
196,Oralle,Kindleside,10,69,13,51,okindleside5f@mlb.com,Female
197,Emmerich,Gribbin,9,13,76,71,egribbin5g@gnu.org,Male
198,Neils,MacBrearty,10,17,43,65,nmacbrearty5h@istockphoto.com,Male
199,Fielding,Nise,11,40,1,25,fnise5i@vkontakte.ru,Male
200,Tallie,Snow,11,30,29,81,tsnow5j@hostgator.com,Female
201,Nikos,Baldung,12,37,42,78,nbaldung5k@nps.gov,Male
202,Rosalind,Nizet,9,63,3,19,rnizet5l@nydailynews.com,Female
203,Abe,Mulholland,9,85,83,6,amulholland5m@dmoz.org,Male
204,Gregg,Handforth,12,85,85,3,ghandforth5n@mysql.com,Male
205,Rosemonde,Vittery,10,89,18,22,rvittery5o@paginegialle.it,Female
206,Barnard,Dockreay,10,63,89,1,bdockreay5p@scribd.com,Male
207,Nikita,Greenmon,12,65,88,31,ngreenmon5q@loc.gov,Male
208,Claudia,Humbell,12,1,46,83,chumbell5r@foxnews.com,Female
209,Bud,Sturdgess,11,87,50,73,bsturdgess5s@themeforest.net,Male
210,Ketty,Denes,11,58,57,31,kdenes5t@mit.edu,Female
211,Clarita,Tows,10,48,34,91,ctows5u@apple.com,Female
212,Gareth,Ings,10,40,86,61,gings5v@hugedomains.com,Male
213,Alayne,Gockelen,9,81,90,16,agockelen5w@aboutads.info,Female
214,Orelie,Pasquale,9,50,81,63,opasquale5x@ucsd.edu,Female
215,Brynna,Antonescu,9,4,71,100,bantonescu5y@google.it,Female
216,Tessy,Ellaway,9,69,20,82,tellaway5z@eventbrite.com,Female
217,Dewain,Runcie,10,57,95,89,druncie60@theguardian.com,Male
218,Reinwald,Farraway,11,13,17,37,rfarraway61@w3.org,Male
219,Jeth,Chaperlin,11,2,30,49,jchaperlin62@hostgator.com,Male
220,Wilmar,Roylance,10,73,76,72,wroylance63@ed.gov,Male
221,Dawna,Malec,9,19,41,65,dmalec64@angelfire.com,Female
222,Vernen,Degoix,10,71,94,30,vdegoix65@nifty.com,Male
223,Percy,Muskett,9,59,31,40,pmuskett66@bluehost.com,Male
224,Haley,Lillow,9,68,84,100,hlillow67@about.me,Male
225,Ricky,Younge,11,21,46,62,ryounge68@github.com,Female
226,Evania,Dennant,10,25,13,20,edennant69@about.me,Female
227,Axel,Braley,10,41,4,19,abraley6a@liveinternet.ru,Male
228,Valeda,Paskerful,11,44,67,19,vpaskerful6b@mapquest.com,Female
229,Emlynn,Vaines,12,39,84,18,evaines6c@blogtalkradio.com,Female
230,Edvard,Kembrey,10,2,56,5,ekembrey6d@japanpost.jp,Male
231,Cindra,Bilsborrow,10,97,54,50,cbilsborrow6e@rediff.com,Female
232,Guglielmo,Denniss,11,52,18,99,gdenniss6f@goodreads.com,Male
233,Clara,Lindsley,10,61,45,44,clindsley6g@sbwire.com,Female
234,Erhard,Rothwell,9,72,47,20,erothwell6h@shareasale.com,Male
235,Christabella,Alenichicov,11,24,78,40,calenichicov6i@php.net,Female
236,Baudoin,Attle,10,65,59,54,battle6j@irs.gov,Male
237,Upton,Hallen,9,62,82,85,uhallen6k@businessinsider.com,Male
238,Hoebart,McEneny,12,0,45,60,hmceneny6l@cnbc.com,Male
239,Dunn,Feldmus,10,24,90,21,dfeldmus6m@japanpost.jp,Male
240,Murry,Taunton,10,1,42,8,mtaunton6n@redcross.org,Male
241,Kittie,Wray,10,34,4,91,kwray6o@tinyurl.com,Female
242,Dalton,Kedward,11,65,55,70,dkedward6p@chron.com,Male
243,Daisi,Dunley,10,18,28,65,ddunley6q@rediff.com,Female
244,Christan,Raigatt,9,30,69,74,craigatt6r@edublogs.org,Female
245,Glynn,Huish,10,17,17,99,ghuish6s@salon.com,Male
246,Charmion,Delaprelle,11,53,63,100,cdelaprelle6t@amazon.de,Female
247,Brittaney,Nixon,11,39,32,99,bnixon6u@europa.eu,Female
248,Ara,Bartoli,10,33,16,9,abartoli6v@yale.edu,Female
249,Alana,Sermin,10,18,3,73,asermin6w@opensource.org,Female
250,Bev,Strike,9,86,34,96,bstrike6x@rambler.ru,Female
251,Audi,Jenne,12,0,74,58,ajenne6y@themeforest.net,Female
252,Moise,Jeremaes,9,5,25,95,mjeremaes6z@creativecommons.org,Male
253,Winn,L' Anglois,12,86,33,74,wlanglois70@joomla.org,Male
254,Shelagh,Plunket,10,70,76,15,splunket71@epa.gov,Female
255,Glenine,Abbets,12,40,90,21,gabbets72@cafepress.com,Female
256,Val,Dreini,10,28,2,55,vdreini73@ask.com,Male
257,Juditha,Barreau,9,87,0,15,jbarreau74@weather.com,Female
258,Gusty,Ofener,9,94,35,76,gofener75@purevolume.com,Female
259,Petey,Boken,9,78,30,54,pboken76@sciencedaily.com,Male
260,Willi,Whall,10,8,90,48,wwhall77@engadget.com,Female
261,Ad,O'Dulchonta,12,98,82,35,aodulchonta78@apache.org,Male
262,Marco,Gerrelt,9,40,54,33,mgerrelt79@vkontakte.ru,Male
263,Tobie,Wildin,9,42,72,79,twildin7a@chronoengine.com,Male
264,Bordie,Killingbeck,11,62,1,32,bkillingbeck7b@booking.com,Male
265,Trixie,Pershouse,10,33,40,27,tpershouse7c@tiny.cc,Female
266,Harriot,Casserly,10,29,18,84,hcasserly7d@answers.com,Female
267,Modesty,Dryburgh,11,75,14,69,mdryburgh7e@goo.ne.jp,Female
268,Micky,Paal,12,0,89,58,mpaal7f@goo.ne.jp,Female
269,Candy,Seary,11,23,74,78,cseary7g@google.cn,Female
270,Raine,Mohan,10,76,5,43,rmohan7h@buzzfeed.com,Female
271,Shadow,McShane,11,58,30,12,smcshane7i@ovh.net,Male
272,Alika,Adel,11,13,30,88,aadel7j@japanpost.jp,Female
273,Kate,Laybourn,11,82,46,47,klaybourn7k@sohu.com,Female
274,Marijn,Malby,12,94,89,3,mmalby7l@psu.edu,Male
275,Corri,Regenhardt,11,16,28,3,cregenhardt7m@smh.com.au,Female
276,Vevay,Boyne,9,35,38,48,vboyne7n@nba.com,Female
277,Richmond,Greenly,11,88,3,50,rgreenly7o@seesaa.net,Male
278,Pennie,Tuft,12,22,12,73,ptuft7p@geocities.jp,Female
279,Sibby,Thomel,10,5,76,16,sthomel7q@shutterfly.com,Female
280,Ranee,Ibbs,10,11,26,20,ribbs7r@apache.org,Female
281,Clifford,Goodbarne,10,10,25,61,cgoodbarne7s@wikipedia.org,Male
282,Shalna,Lorenzetto,12,37,68,86,slorenzetto7t@state.tx.us,Female
283,Finley,Schaumann,11,96,46,39,fschaumann7u@spotify.com,Male
284,Tannie,Allpress,12,75,54,96,tallpress7v@washington.edu,Male
285,Humfrey,Spragg,11,2,48,48,hspragg7w@i2i.jp,Male
286,Kalie,Ryce,11,73,42,85,kryce7x@ucoz.com,Female
287,Lea,Haggath,12,32,28,49,lhaggath7y@4shared.com,Female
288,Celestia,Copley,12,95,3,21,ccopley7z@smh.com.au,Female
289,Alick,Grigoliis,11,45,65,90,agrigoliis80@tiny.cc,Male
290,Cindi,Wilcocke,9,18,86,76,cwilcocke81@simplemachines.org,Female
291,Rodi,Larne,10,71,45,73,rlarne82@redcross.org,Female
292,Emmit,Petracci,9,65,29,48,epetracci83@list-manage.com,Male
293,Eveleen,Delgardillo,10,8,62,15,edelgardillo84@behance.net,Female
294,Stacey,Bernardy,10,45,72,15,sbernardy85@jugem.jp,Female
295,Justina,Winthrop,10,18,61,43,jwinthrop86@sohu.com,Female
296,My,Bedlington,9,26,46,62,mbedlington87@ifeng.com,Male
297,Simonette,Musla,11,92,94,57,smusla88@drupal.org,Female
298,Sadye,Poyntz,9,44,25,100,spoyntz89@163.com,Female
299,Frazer,Rousel,11,81,24,44,frousel8a@cbc.ca,Male
300,Mic,Tipper,10,73,58,24,mtipper8b@amazon.de,Male
301,Estelle,Tague,10,45,86,12,etague8c@patch.com,Female
302,Honoria,McGlue,10,12,72,19,hmcglue8d@digg.com,Female
303,Obidiah,Reekie,11,56,80,47,oreekie8e@sogou.com,Male
304,Candie,Shemmin,12,90,25,45,cshemmin8f@exblog.jp,Female
305,Briant,Colvie,11,11,86,71,bcolvie8g@tumblr.com,Male
306,Caril,Grzegorzewicz,10,33,29,70,cgrzegorzewicz8h@bbb.org,Female
307,Rosabel,Durtnall,12,36,7,64,rdurtnall8i@fc2.com,Female
308,Clementine,Sarfas,12,27,60,61,csarfas8j@homestead.com,Female
309,Vachel,Verrier,12,42,79,75,vverrier8k@ucoz.com,Male
310,Cordy,Grunder,12,99,16,21,cgrunder8l@posterous.com,Male
311,Christophe,Dorsey,10,6,97,63,cdorsey8m@dion.ne.jp,Male
312,Hervey,Matthews,9,49,40,32,hmatthews8n@free.fr,Male
313,Zachery,Restill,11,40,40,83,zrestill8o@drupal.org,Male
314,Gearard,Akister,9,9,88,82,gakister8p@eepurl.com,Male
315,Franny,Greep,9,60,24,91,fgreep8q@opera.com,Female
316,Joanne,Peakman,10,43,95,38,jpeakman8r@alibaba.com,Female
317,Guglielmo,Pee,12,83,70,91,gpee8s@com.com,Male
318,Willette,Mulroy,12,15,6,4,wmulroy8t@sciencedaily.com,Female
319,Teddie,Dispencer,11,34,82,12,tdispencer8u@kickstarter.com,Male
320,Davin,Torrisi,9,44,26,100,dtorrisi8v@nydailynews.com,Male
321,Corinne,Wardhaw,10,50,81,81,cwardhaw8w@ucoz.ru,Female
322,Haze,Niese,11,29,39,2,hniese8x@reverbnation.com,Male
323,Hedi,Stegers,11,5,0,70,hstegers8y@google.ca,Female
324,Zita,Bagshawe,11,50,0,91,zbagshawe8z@scientificamerican.com,Female
325,Derby,Doughty,9,37,35,9,ddoughty90@vistaprint.com,Male
326,Fraze,Murney,9,43,69,27,fmurney91@nydailynews.com,Male
327,Felicio,Wisam,11,51,45,62,fwisam92@prweb.com,Male
328,Suzette,Mcettrick,9,60,78,96,smcettrick93@geocities.com,Female
329,Ariana,Limerick,9,28,84,92,alimerick94@shareasale.com,Female
330,Fonsie,Pirelli,11,4,32,21,fpirelli95@sbwire.com,Male
331,Meggie,Stubbings,9,39,62,11,mstubbings96@vimeo.com,Female
332,Estrellita,Veitch,12,97,67,95,eveitch97@illinois.edu,Female
333,Ali,Sheards,11,3,86,37,asheards98@kickstarter.com,Male
334,Amandie,St. John,9,0,16,92,astjohn99@ovh.net,Female
335,Poppy,Brocks,9,18,55,45,pbrocks9a@telegraph.co.uk,Female
336,Antonina,Pedreschi,12,55,91,56,apedreschi9b@hibu.com,Female
337,Modesta,Gadesby,10,90,73,69,mgadesby9c@apple.com,Female
338,Daffi,Jovis,12,32,55,24,djovis9d@163.com,Female
339,Nicolis,Geggus,11,46,97,32,ngeggus9e@jalbum.net,Male
340,Jeniffer,Seville,9,55,45,98,jseville9f@discuz.net,Female
341,Brewster,Passie,12,56,30,18,bpassie9g@google.fr,Male
342,Torrie,Creaney,10,82,56,59,tcreaney9h@washington.edu,Female
343,Oates,Rosel,11,23,26,34,orosel9i@bloomberg.com,Male
344,Humfrid,Kerwin,10,19,28,9,hkerwin9j@cbc.ca,Male
345,Sophie,Fownes,10,44,48,32,sfownes9k@psu.edu,Female
346,Eustace,Farmer,12,39,48,41,efarmer9l@clickbank.net,Male
347,Rad,Noyes,9,8,2,23,rnoyes9m@1und1.de,Male
348,Delaney,Belward,12,20,80,15,dbelward9n@wp.com,Male
349,Riordan,Beeck,10,64,43,35,rbeeck9o@t-online.de,Male
350,Nikolia,Bannon,11,15,17,12,nbannon9p@irs.gov,Female
351,Herminia,Clarage,11,94,41,4,hclarage9q@friendfeed.com,Female
352,Crosby,Stapels,12,28,43,46,cstapels9r@pbs.org,Male
353,Roze,Bromfield,12,35,8,63,rbromfield9s@shinystat.com,Female
354,Welsh,Billsberry,11,16,75,14,wbillsberry9t@canalblog.com,Male
355,Vance,Pashba,11,78,28,27,vpashba9u@comcast.net,Male
356,Deny,Colin,10,92,16,52,dcolin9v@sitemeter.com,Female
357,Emmery,Fairhead,10,43,54,100,efairhead9w@blogger.com,Male
358,Anallese,Arlet,11,38,62,38,aarlet9x@nbcnews.com,Female
359,Shellie,Umpleby,9,6,100,70,sumpleby9y@constantcontact.com,Female
360,Valentijn,Meadowcroft,9,76,27,18,vmeadowcroft9z@webnode.com,Male
361,Domini,MacKibbon,9,40,66,44,dmackibbona0@salon.com,Female
362,Melly,Dodswell,11,7,13,54,mdodswella1@linkedin.com,Female
363,Sinclair,Hilldrup,11,71,55,78,shilldrupa2@apple.com,Male
364,Nickolas,Sabatier,12,3,65,69,nsabatiera3@skype.com,Male
365,Nickolas,Vasyushkhin,10,48,70,89,nvasyushkhina4@booking.com,Male
366,Evanne,Zahor,10,32,74,12,ezahora5@merriam-webster.com,Female
367,Ginni,Strettle,10,27,8,91,gstrettlea6@xrea.com,Female
368,Bettina,Suddock,10,75,81,8,bsuddocka7@reference.com,Female
369,Felipe,Dakin,12,38,8,16,fdakina8@jigsy.com,Male
370,Rouvin,Shay,12,66,46,2,rshaya9@google.co.jp,Male
371,Garrard,Marrill,9,86,17,24,gmarrillaa@bluehost.com,Male
372,Tallulah,Stuffins,11,80,91,14,tstuffinsab@drupal.org,Female
373,Suki,Vardey,10,26,63,18,svardeyac@drupal.org,Female
374,Isaac,Warcop,11,81,28,89,iwarcopad@independent.co.uk,Male
375,Delmore,Mourbey,11,27,29,29,dmourbeyae@netscape.com,Male
376,Wallache,Richemond,9,26,3,67,wrichemondaf@oaic.gov.au,Male
377,Hanny,Jillard,9,13,34,41,hjillardag@omniture.com,Female
378,Cleavland,Crielly,9,2,51,33,ccriellyah@google.ca,Male
379,Kellen,Ghioni,12,11,52,46,kghioniai@blogger.com,Male
380,Bride,Vasenin,9,71,65,66,bvaseninaj@sohu.com,Female
381,Aviva,Boylin,11,60,59,62,aboylinak@statcounter.com,Female
382,Ashbey,Staines,11,9,24,62,astainesal@yellowpages.com,Male
383,Raeann,Shelton,9,4,45,93,rsheltonam@tmall.com,Female
384,Chrystel,Enga,10,76,12,69,cengaan@barnesandnoble.com,Female
385,Isaac,Shoobridge,9,19,86,3,ishoobridgeao@jugem.jp,Male
386,Kaylee,O'Corhane,11,57,88,87,kocorhaneap@moonfruit.com,Female
387,Fredric,Sunter,10,74,65,29,fsunteraq@bizjournals.com,Male
388,Lise,Lorne,11,88,53,57,llornear@nyu.edu,Female
389,Barnabe,Hawyes,11,20,77,3,bhawyesas@studiopress.com,Male
390,Bradford,Lilie,12,30,19,83,blilieat@plala.or.jp,Male
391,Stearn,Bolin,12,81,71,29,sbolinau@theatlantic.com,Male
392,Brinn,Mathou,12,34,70,74,bmathouav@creativecommons.org,Female
393,Brewer,Bowdon,10,65,96,31,bbowdonaw@sfgate.com,Male
394,Langston,Matonin,9,56,48,62,lmatoninax@histats.com,Male
395,Sinclare,Jaspar,9,56,86,100,sjasparay@redcross.org,Male
396,Arabelle,Fairburn,10,67,11,96,afairburnaz@gmpg.org,Female
397,Moritz,Reeks,11,92,96,34,mreeksb0@noaa.gov,Male
398,Dominick,Almak,9,34,86,51,dalmakb1@usgs.gov,Male
399,Dede,Gaitskill,9,62,4,73,dgaitskillb2@umich.edu,Female
400,Kain,Francescuzzi,9,1,21,72,kfrancescuzzib3@home.pl,Male
401,Humberto,Polsin,9,41,6,91,hpolsinb4@howstuffworks.com,Male
402,Reg,Simoneau,10,5,17,74,rsimoneaub5@opera.com,Male
403,Lexy,Dowtry,12,33,38,15,ldowtryb6@army.mil,Female
404,Lauree,Poschel,9,2,72,35,lposchelb7@cbc.ca,Female
405,Englebert,Carreyette,10,5,55,37,ecarreyetteb8@ft.com,Male
406,Alecia,Spalls,12,0,94,97,aspallsb9@uiuc.edu,Female
407,Kalina,Chrstine,9,24,89,25,kchrstineba@arizona.edu,Female
408,Howie,Senechault,12,47,2,21,hsenechaultbb@comsenz.com,Male
409,Jamison,Takis,9,19,63,60,jtakisbc@github.com,Male
410,Hamilton,Scothorn,11,68,68,85,hscothornbd@blinklist.com,Male
411,Morton,Sotham,10,81,55,45,msothambe@dmoz.org,Male
412,Jeff,Rassmann,9,72,30,91,jrassmannbf@odnoklassniki.ru,Male
413,Aldous,Rigate,9,32,50,8,arigatebg@gmpg.org,Male
414,Yvette,Baldetti,12,29,61,100,ybaldettibh@g.co,Female
415,Stanley,Hurich,11,7,76,70,shurichbi@marketwatch.com,Male
416,Roxana,Zuanelli,12,63,91,82,rzuanellibj@nationalgeographic.com,Female
417,Gray,Simone,10,98,47,56,gsimonebk@mozilla.org,Male
418,Brooke,Paullin,11,4,43,17,bpaullinbl@microsoft.com,Male
419,Micheil,Glover,9,37,71,55,mgloverbm@fda.gov,Male
420,Beitris,Casely,9,48,76,38,bcaselybn@tripod.com,Female
421,Spence,Pleasaunce,10,96,18,35,spleasauncebo@netvibes.com,Male
422,Chico,Bruckental,11,24,51,95,cbruckentalbp@ezinearticles.com,Male
423,Corene,Olden,10,98,59,89,coldenbq@oaic.gov.au,Female
424,Robbie,Shooter,10,72,91,0,rshooterbr@livejournal.com,Male
425,Lyle,Burtwell,11,43,22,38,lburtwellbs@themeforest.net,Male
426,Armin,Gorman,12,45,15,80,agormanbt@icio.us,Male
427,Merill,Daldry,10,80,10,17,mdaldrybu@discuz.net,Male
428,Griffin,McCully,11,92,62,89,gmccullybv@japanpost.jp,Male
429,Bernita,Purchon,9,66,25,48,bpurchonbw@va.gov,Female
430,Sabrina,Jenkerson,12,66,75,71,sjenkersonbx@wikimedia.org,Female
431,Jacquelyn,Pinney,10,4,96,73,jpinneyby@pbs.org,Female
432,Lonnard,Gergher,10,73,98,11,lgergherbz@i2i.jp,Male
433,Leigh,Cheetam,12,79,69,68,lcheetamc0@theatlantic.com,Male
434,Bruce,Amort,9,16,31,41,bamortc1@odnoklassniki.ru,Male
435,Gearard,Phethean,11,25,60,58,gphetheanc2@instagram.com,Male
436,Caddric,Frise,10,88,8,28,cfrisec3@ed.gov,Male
437,Idalina,Reily,10,52,53,85,ireilyc4@mail.ru,Female
438,Adolf,Pegram,10,38,35,39,apegramc5@washingtonpost.com,Male
439,Bethany,Baribal,10,29,5,71,bbaribalc6@mozilla.com,Female
440,Joby,Tootin,9,89,57,59,jtootinc7@constantcontact.com,Female
441,Lise,Stanislaw,12,58,45,21,lstanislawc8@tripadvisor.com,Female
442,Nedi,Jansey,9,90,98,10,njanseyc9@pcworld.com,Female
443,Mack,Kettleson,10,64,78,55,mkettlesonca@github.com,Male
444,Cecil,Jorczyk,9,11,26,34,cjorczykcb@g.co,Female
445,Tarrance,Serle,9,19,82,100,tserlecc@yellowpages.com,Male
446,Stefan,Imlen,11,44,6,93,simlencd@miitbeian.gov.cn,Male
447,Charmane,Dreamer,10,71,98,36,cdreamerce@smugmug.com,Female
448,Kennan,Gordge,9,85,91,76,kgordgecf@topsy.com,Male
449,Dion,Bulter,10,45,32,8,dbultercg@unicef.org,Male
450,Arley,Wrightem,9,87,56,30,awrightemch@networksolutions.com,Male
451,Roberta,Alvin,9,99,96,44,ralvinci@mit.edu,Female
452,Durante,Janus,9,57,87,90,djanuscj@cafepress.com,Male
453,Hamil,Andrusov,11,74,57,96,handrusovck@paginegialle.it,Male
454,Ferdie,Bravington,10,83,65,35,fbravingtoncl@reverbnation.com,Male
455,Charleen,Mieville,10,43,42,88,cmievillecm@hatena.ne.jp,Female
456,Selig,Offer,11,25,44,57,soffercn@nhs.uk,Male
457,Maximilien,Nobes,11,75,71,32,mnobesco@taobao.com,Male
458,Bartram,Ingre,9,96,15,8,bingrecp@salon.com,Male
459,Helen,Caldes,9,61,16,98,hcaldescq@howstuffworks.com,Female
460,Rasia,Suero,11,51,39,45,rsuerocr@webeden.co.uk,Female
461,Lina,Tedstone,10,80,97,15,ltedstonecs@stumbleupon.com,Female
462,Clarisse,Donhardt,11,41,5,45,cdonhardtct@liveinternet.ru,Female
463,Hamid,Southerns,10,19,48,48,hsouthernscu@list-manage.com,Male
464,Lalo,Blizard,9,15,26,6,lblizardcv@feedburner.com,Male
465,Mathew,Merriday,11,38,21,62,mmerridaycw@ovh.net,Male
466,Ophelia,Kupke,11,100,29,97,okupkecx@csmonitor.com,Female
467,Cathee,Bard,12,76,70,97,cbardcy@paginegialle.it,Female
468,Mattheus,Fallows,9,7,63,41,mfallowscz@seattletimes.com,Male
469,Candi,Eydel,10,61,38,0,ceydeld0@ameblo.jp,Female
470,Dulcia,Bazely,9,21,34,52,dbazelyd1@intel.com,Female
471,Trumann,Gooch,9,81,29,77,tgoochd2@intel.com,Male
472,Richie,Creech,12,91,87,60,rcreechd3@t.co,Male
473,Lauritz,Boggers,12,0,33,70,lboggersd4@dyndns.org,Male
474,Jareb,Frisel,11,62,40,82,jfriseld5@ucoz.ru,Male
475,Shermie,Scoggins,12,86,16,7,sscogginsd6@drupal.org,Male
476,Petey,Havesides,12,23,72,81,phavesidesd7@usgs.gov,Male
477,Lil,Ponsford,12,41,21,17,lponsfordd8@baidu.com,Female
478,Hynda,Gorsse,9,88,84,94,hgorssed9@dagondesign.com,Female
479,Manny,Bordiss,11,59,50,75,mbordissda@discuz.net,Male
480,Garfield,Swepstone,9,23,97,58,gswepstonedb@princeton.edu,Male
481,Merwyn,Hubatsch,10,14,13,21,mhubatschdc@ucsd.edu,Male
482,Trent,Petters,11,81,68,62,tpettersdd@google.com.hk,Male
483,Raddie,Dorton,11,11,94,99,rdortonde@unicef.org,Male
484,Kelley,Ziem,12,77,94,12,kziemdf@cornell.edu,Male
485,Massimo,Maddra,9,2,87,89,mmaddradg@earthlink.net,Male
486,Elle,Ferrillio,12,71,47,60,eferrilliodh@earthlink.net,Female
487,Win,Gilbanks,12,26,64,52,wgilbanksdi@drupal.org,Male
488,Wilmette,Ubsdell,10,35,42,98,wubsdelldj@nymag.com,Female
489,Vail,Halpeine,12,28,77,73,vhalpeinedk@yellowbook.com,Male
490,Iver,McAless,12,86,48,32,imcalessdl@google.nl,Male
491,Melanie,Gagg,9,94,87,66,mgaggdm@unc.edu,Female
492,Bridie,Allawy,11,37,20,16,ballawydn@cloudflare.com,Female
493,Kellen,Empleton,10,56,79,71,kempletondo@yandex.ru,Male
494,Jasmina,Costanza,11,31,66,48,jcostanzadp@chron.com,Female
495,Maddie,Braemer,9,72,74,5,mbraemerdq@latimes.com,Male
496,Haroun,Fudge,10,72,24,36,hfudgedr@sohu.com,Male
497,Catriona,Vedeneev,9,75,14,87,cvedeneevds@seattletimes.com,Female
498,Westbrook,Livard,12,28,52,56,wlivarddt@example.com,Male
499,Foster,Bentinck,9,26,96,30,fbentinckdu@xinhuanet.com,Male
500,Wash,Kell,9,20,32,94,wkelldv@xing.com,Male
501,Sidney,Dallmann,12,36,53,94,sdallmanndw@amazon.de,Male
502,Camille,Fenich,9,78,57,59,cfenichdx@narod.ru,Female
503,Mace,Lambard,9,79,48,79,mlambarddy@usa.gov,Male
504,Bianka,Blaase,11,76,96,98,bblaasedz@blogger.com,Female
505,Raye,Blum,10,97,55,68,rblume0@msu.edu,Female
506,Ethelbert,Lidbetter,9,14,90,66,elidbettere1@netscape.com,Male
507,Natalina,Pouck,9,38,15,73,npoucke2@aboutads.info,Female
508,Christy,Peaseman,10,75,83,12,cpeasemane3@friendfeed.com,Female
509,Marmaduke,Burbury,12,38,62,96,mburburye4@macromedia.com,Male
510,Gnni,Clowney,12,68,38,96,gclowneye5@hibu.com,Female
511,Cornelius,Sneezum,11,31,79,30,csneezume6@answers.com,Male
512,Nils,Drummond,9,44,51,56,ndrummonde7@theglobeandmail.com,Male
513,Harper,MacLoughlin,10,17,38,32,hmacloughline8@opera.com,Male
514,Amie,Erbain,12,73,61,28,aerbaine9@deliciousdays.com,Female
515,Lazare,Nanuccioi,9,83,57,71,lnanuccioiea@goo.ne.jp,Male
516,Virginie,Glancey,12,4,20,23,vglanceyeb@hatena.ne.jp,Female
517,Peterus,Fetherby,11,45,66,13,pfetherbyec@cnn.com,Male
518,Page,Ingarfill,11,4,69,72,pingarfilled@reddit.com,Male
519,Antonia,Nock,9,47,87,73,anockee@gizmodo.com,Female
520,Jeff,Arnoll,12,2,51,25,jarnollef@last.fm,Male
521,Ky,Hagard,12,96,74,55,khagardeg@ucoz.ru,Male
522,Arnuad,Drivers,9,62,15,98,adriverseh@columbia.edu,Male
523,Charlot,Whithalgh,9,80,20,14,cwhithalghei@buzzfeed.com,Female
524,Vittorio,Champley,12,44,73,18,vchampleyej@forbes.com,Male
525,Jennilee,Ghidotti,12,70,18,39,jghidottiek@pinterest.com,Female
526,Boniface,Luce,10,49,59,30,bluceel@slashdot.org,Male
527,Kurtis,Wyche,12,97,82,64,kwycheem@ycombinator.com,Male
528,Robenia,Gillooly,12,97,92,64,rgilloolyen@edublogs.org,Female
529,Melanie,Pechet,9,83,60,53,mpecheteo@360.cn,Female
530,Darby,Palluschek,9,77,84,22,dpalluschekep@quantcast.com,Female
531,Blanca,McCurry,9,65,10,58,bmccurryeq@earthlink.net,Female
532,Charlotte,Melliard,11,60,0,65,cmelliarder@wsj.com,Female
533,Ardine,Hansmann,12,31,85,23,ahansmannes@bloomberg.com,Female
534,Benedicto,Rosenfield,9,79,60,83,brosenfieldet@wired.com,Male
535,Allyson,Niset,9,40,69,40,aniseteu@senate.gov,Female
536,Uriah,Pester,9,74,15,31,upesterev@irs.gov,Male
537,Dareen,Douche,9,23,77,12,ddoucheew@sakura.ne.jp,Female
538,Samuel,Dawkes,10,24,10,64,sdawkesex@hc360.com,Male
539,Wells,Pendell,9,3,16,56,wpendelley@ameblo.jp,Male
540,Deny,O'Currigan,10,26,51,24,docurriganez@nba.com,Female
541,Nap,Worner,12,61,46,72,nwornerf0@apache.org,Male
542,Leeann,Spaughton,11,42,80,87,lspaughtonf1@home.pl,Female
543,Lorne,Glanester,12,39,41,16,lglanesterf2@huffingtonpost.com,Female
544,Rodie,Fendlow,9,99,30,11,rfendlowf3@mayoclinic.com,Female
545,Timmi,Angelo,9,41,73,46,tangelof4@hatena.ne.jp,Female
546,Melesa,Airdrie,11,9,97,60,mairdrief5@nsw.gov.au,Female
547,Noelani,Redgate,11,43,32,86,nredgatef6@wired.com,Female
548,Fabe,Cracknall,9,33,50,6,fcracknallf7@intel.com,Male
549,Peyter,Capini,12,11,13,71,pcapinif8@thetimes.co.uk,Male
550,Henderson,Bomb,9,24,97,80,hbombf9@meetup.com,Male
551,Gwenneth,Helmke,9,6,73,25,ghelmkefa@java.com,Female
552,Edgard,Daoust,10,4,40,42,edaoustfb@ebay.com,Male
553,Christoffer,Americi,9,59,42,7,camericifc@techcrunch.com,Male
554,Wilfrid,Westphal,9,23,1,27,wwestphalfd@yellowpages.com,Male
555,Michaella,Batter,9,51,70,78,mbatterfe@yolasite.com,Female
556,Inigo,Searston,10,5,19,42,isearstonff@who.int,Male
557,Hogan,Dakhno,11,86,81,63,hdakhnofg@bluehost.com,Male
558,Connie,Curr,10,1,15,46,ccurrfh@linkedin.com,Male
559,Reg,Morteo,12,95,75,36,rmorteofi@tumblr.com,Male
560,Alisha,Vasilyevski,12,20,44,59,avasilyevskifj@rediff.com,Female
561,Elianore,Caselli,10,80,57,54,ecasellifk@washingtonpost.com,Female
562,Barbra,Brine,12,28,60,37,bbrinefl@wikimedia.org,Female
563,Nerissa,Presman,9,56,61,85,npresmanfm@cmu.edu,Female
564,Garold,Hedgeman,11,24,51,24,ghedgemanfn@sciencedirect.com,Male
565,Graeme,Sigward,11,98,32,20,gsigwardfo@1und1.de,Male
566,Natalya,Rosenkranc,9,5,3,52,nrosenkrancfp@apache.org,Female
567,Ayn,Wahncke,10,9,45,38,awahnckefq@rediff.com,Female
568,Ric,Danet,9,21,59,65,rdanetfr@scribd.com,Male
569,Tracey,Olivello,10,52,69,88,tolivellofs@who.int,Female
570,Windham,Broschke,12,14,6,88,wbroschkeft@cbslocal.com,Male
571,Silvanus,De Maria,10,99,84,57,sdemariafu@quantcast.com,Male
572,Winston,Iacobini,10,36,62,72,wiacobinifv@va.gov,Male
573,Tedmund,Danilovic,10,14,54,61,tdanilovicfw@usa.gov,Male
574,Michal,Eadie,11,16,81,3,meadiefx@flavors.me,Male
575,Stefano,Trewhella,11,31,66,44,strewhellafy@xinhuanet.com,Male
576,Tedmund,Grabiec,10,30,33,74,tgrabiecfz@mediafire.com,Male
577,Esta,Reihm,9,39,60,35,ereihmg0@paypal.com,Female
578,Wilton,Bools,10,9,68,19,wboolsg1@umich.edu,Male
579,Averil,Monkman,9,55,33,36,amonkmang2@imgur.com,Male
580,Blake,Snasel,12,39,63,15,bsnaselg3@livejournal.com,Male
581,Wilhelm,Earwicker,12,33,33,12,wearwickerg4@nps.gov,Male
582,Taylor,Mafham,11,76,85,6,tmafhamg5@addthis.com,Male
583,Desmond,Twoohy,11,84,44,40,dtwoohyg6@blinklist.com,Male
584,Flossie,Schurcke,12,75,60,2,fschurckeg7@jalbum.net,Female
585,Dalis,Losel,11,49,87,99,dloselg8@google.com,Male
586,Tucky,Bleything,12,24,14,67,tbleythingg9@wikimedia.org,Male
587,Libbi,Beccero,9,11,64,87,lbecceroga@huffingtonpost.com,Female
588,Nanine,Fattorini,9,90,43,34,nfattorinigb@webmd.com,Female
589,Camila,Sewart,12,0,61,19,csewartgc@gravatar.com,Female
590,Sax,Buttfield,12,58,14,31,sbuttfieldgd@usnews.com,Male
591,Renate,McGurn,11,90,57,55,rmcgurnge@springer.com,Female
592,Keir,Coils,12,42,77,23,kcoilsgf@bigcartel.com,Male
593,Leonora,Lamb-shine,11,60,69,79,llambshinegg@jigsy.com,Female
594,Caresa,Besant,12,49,35,71,cbesantgh@wunderground.com,Female
595,Jud,Duckers,11,78,49,92,jduckersgi@dropbox.com,Male
596,Zebulen,Yeatman,10,57,1,40,zyeatmangj@reference.com,Male
597,Vernon,Haug,11,63,92,51,vhauggk@pcworld.com,Male
598,Juan,Reckus,12,37,78,74,jreckusgl@soundcloud.com,Male
599,Berkeley,Sartin,12,5,56,41,bsartingm@jalbum.net,Male
600,Sarena,Ferriday,9,55,15,98,sferridaygn@instagram.com,Female
601,Gabbie,Ault,9,90,12,98,gaultgo@harvard.edu,Female
602,Amitie,Dmitr,11,36,23,50,admitrgp@twitter.com,Female
603,Lek,Frantz,11,28,44,18,lfrantzgq@yellowbook.com,Male
604,Rowen,Crosen,12,52,60,25,rcrosengr@wordpress.org,Male
605,Reggie,Durnford,10,57,41,39,rdurnfordgs@apple.com,Female
606,Ashleigh,Senner,12,55,15,22,asennergt@symantec.com,Female
607,Hermie,Bernholt,10,72,94,64,hbernholtgu@shareasale.com,Male
608,Demetria,Larwell,10,17,100,88,dlarwellgv@pen.io,Female
609,Dav,Jandac,12,3,15,66,djandacgw@discovery.com,Male
610,Audrey,Abramson,9,10,98,97,aabramsongx@ebay.co.uk,Female
611,Dennie,Ferrieri,11,48,61,13,dferrierigy@woothemes.com,Male
612,Murdoch,Mayell,10,75,74,85,mmayellgz@abc.net.au,Male
613,Zachariah,Brownfield,12,26,17,31,zbrownfieldh0@chron.com,Male
614,Tess,Batrop,9,91,59,47,tbatroph1@purevolume.com,Female
615,Freddy,Farraway,9,96,15,65,ffarrawayh2@google.pl,Female
616,Brit,Eyes,12,79,74,70,beyesh3@patch.com,Male
617,Lawry,Blinco,12,52,41,29,lblincoh4@example.com,Male
618,Barbie,Attersoll,12,27,72,60,battersollh5@google.com.au,Female
619,Gerrilee,Arndell,10,65,43,62,garndellh6@indiegogo.com,Female
620,Lilias,Leasor,10,2,3,59,lleasorh7@ocn.ne.jp,Female
621,Augie,Ahrens,9,27,8,1,aahrensh8@omniture.com,Male
622,Bernhard,Pimblott,12,40,22,94,bpimblotth9@squidoo.com,Male
623,Trenton,Prozescky,9,95,72,93,tprozesckyha@slashdot.org,Male
624,Conn,Di Bernardo,11,87,35,92,cdibernardohb@soup.io,Male
625,Janeczka,Tschierse,9,30,9,82,jtschiersehc@livejournal.com,Female
626,Deirdre,Ceschelli,9,83,26,26,dceschellihd@mtv.com,Female
627,Lorie,Gorrick,10,3,55,33,lgorrickhe@uiuc.edu,Female
628,Bessy,McIlmorie,10,37,10,28,bmcilmoriehf@guardian.co.uk,Female
629,Shannen,Houlahan,11,69,62,37,shoulahanhg@rediff.com,Female
630,Alysa,Corke,12,43,67,58,acorkehh@ucla.edu,Female
631,Gena,Lucia,11,54,0,92,gluciahi@sitemeter.com,Female
632,Brunhilda,Pendry,12,19,2,65,bpendryhj@epa.gov,Female
633,Adolphe,Pounds,12,34,44,11,apoundshk@joomla.org,Male
634,Mitch,Quelch,12,87,78,74,mquelchhl@devhub.com,Male
635,Herta,Jellings,11,42,76,85,hjellingshm@seattletimes.com,Female
636,Cissiee,Coleshill,12,16,61,91,ccoleshillhn@utexas.edu,Female
637,Layne,Pendrick,11,74,94,51,lpendrickho@slashdot.org,Female
638,Kris,Altree,9,46,76,16,kaltreehp@toplist.cz,Female
639,Yuma,Grent,11,34,78,73,ygrenthq@godaddy.com,Male
640,Odelinda,Tythacott,9,35,91,96,otythacotthr@dropbox.com,Female
641,Freedman,Reding,11,38,69,69,fredinghs@aboutads.info,Male
642,Kenyon,McEvilly,10,38,69,5,kmcevillyht@nih.gov,Male
643,Jill,Kubek,9,22,10,23,jkubekhu@1und1.de,Female
644,Fifine,Gettings,10,63,56,23,fgettingshv@ucoz.com,Female
645,Jacqueline,McKinney,10,9,74,78,jmckinneyhw@drupal.org,Female
646,Rickard,Darkins,10,30,88,89,rdarkinshx@europa.eu,Male
647,Franny,Sellen,10,33,51,8,fsellenhy@dmoz.org,Female
648,Gaspard,Oattes,11,73,70,94,goatteshz@cmu.edu,Male
649,Alford,Boow,10,45,7,45,aboowi0@mit.edu,Male
650,Rhianon,Leedes,10,18,19,9,rleedesi1@pen.io,Female
651,Sybil,Attoc,12,63,40,93,sattoci2@imdb.com,Female
652,Benoit,Chisholme,11,22,84,29,bchisholmei3@noaa.gov,Male
653,Ody,Rispine,11,48,16,27,orispinei4@rediff.com,Male
654,Kurtis,Emney,10,60,58,57,kemneyi5@photobucket.com,Male
655,Jobina,MacGruer,9,79,85,49,jmacgrueri6@ehow.com,Female
656,Beatriz,Warman,9,14,38,78,bwarmani7@census.gov,Female
657,Carmelle,Blakeway,12,28,73,6,cblakewayi8@barnesandnoble.com,Female
658,Dorise,Griswood,11,44,50,72,dgriswoodi9@bbb.org,Female
659,Lorine,Pendrich,11,99,30,100,lpendrichia@cnbc.com,Female
660,Giffy,Bess,10,83,95,55,gbessib@histats.com,Male
661,Durand,Bridson,10,77,7,15,dbridsonic@acquirethisname.com,Male
662,Mil,Leaman,12,54,48,60,mleamanid@telegraph.co.uk,Female
663,Gaylor,De Marchi,9,27,29,75,gdemarchiie@ucoz.ru,Male
664,Winny,Houlaghan,12,71,91,95,whoulaghanif@marketwatch.com,Female
665,Brooks,Milton-White,9,89,76,57,bmiltonwhiteig@google.fr,Male
666,Cordy,Yoakley,11,18,81,53,cyoakleyih@acquirethisname.com,Female
667,Brynn,Calcott,12,72,90,5,bcalcottii@sitemeter.com,Female
668,Jacinthe,Nichol,12,91,62,70,jnicholij@w3.org,Female
669,Chilton,Luipold,12,37,69,42,cluipoldik@taobao.com,Male
670,Nalani,Povlsen,11,34,57,60,npovlsenil@msu.edu,Female
671,Alleyn,Greenacre,12,69,97,52,agreenacreim@mozilla.org,Male
672,Merridie,Frier,11,53,63,86,mfrierin@ameblo.jp,Female
673,Kelila,Ziem,9,34,78,14,kziemio@google.de,Female
674,Cordi,Putman,12,17,22,41,cputmanip@thetimes.co.uk,Female
675,Lefty,Arias,9,32,34,23,lariasiq@chicagotribune.com,Male
676,Sandro,Letterick,10,55,97,94,sletterickir@springer.com,Male
677,Selma,McPhee,10,0,33,92,smcpheeis@mysql.com,Female
678,Montague,Panswick,11,62,52,84,mpanswickit@reuters.com,Male
679,Mile,Spinney,11,82,43,27,mspinneyiu@bizjournals.com,Male
680,Denny,Ruperti,12,57,95,95,drupertiiv@ed.gov,Female
681,Ailee,Hildrew,9,6,62,15,ahildrewiw@soundcloud.com,Female
682,Corny,McCosker,11,21,95,42,cmccoskerix@intel.com,Male
683,Blair,Gooderidge,10,27,15,78,bgooderidgeiy@google.es,Male
684,Ortensia,Camble,11,29,31,72,ocambleiz@csmonitor.com,Female
685,Lishe,Batrip,10,60,96,41,lbatripj0@photobucket.com,Female
686,Gabey,Hawksworth,11,67,15,1,ghawksworthj1@nba.com,Female
687,Jolene,Phalp,12,11,39,54,jphalpj2@ibm.com,Female
688,Hoyt,Berryann,9,92,64,61,hberryannj3@usatoday.com,Male
689,Rita,MacDirmid,12,11,8,84,rmacdirmidj4@scribd.com,Female
690,Berny,Crichton,9,46,74,60,bcrichtonj5@google.com.au,Female
691,Lorrie,Tissell,12,57,90,56,ltissellj6@51.la,Female
692,Dacia,Silberschatz,9,49,33,9,dsilberschatzj7@gov.uk,Female
693,Sigismundo,Kenvin,11,58,56,97,skenvinj8@archive.org,Male
694,Casar,Reeder,11,2,97,53,creederj9@squarespace.com,Male
695,Caldwell,Conyers,11,35,38,93,cconyersja@xrea.com,Male
696,Orelia,Pumphrey,10,7,59,66,opumphreyjb@forbes.com,Female
697,Nicholas,Hallums,12,90,60,86,nhallumsjc@lulu.com,Male
698,Yuri,Clymo,11,39,73,12,yclymojd@time.com,Male
699,Glenda,McClenan,9,4,91,33,gmcclenanje@people.com.cn,Female
700,Michelina,Jorden,12,5,7,13,mjordenjf@mashable.com,Female
701,Lynnet,Sample,12,38,38,91,lsamplejg@histats.com,Female
702,Gabriela,Rowbottom,11,68,74,99,growbottomjh@europa.eu,Female
703,Cordi,Gunby,12,68,89,56,cgunbyji@bbb.org,Female
704,Bridgette,Setch,11,19,65,8,bsetchjj@nih.gov,Female
705,Kimbra,Lawes,11,24,5,76,klawesjk@rediff.com,Female
706,Koren,Silversmid,11,35,68,26,ksilversmidjl@nba.com,Female
707,Carole,Filan,9,50,61,62,cfilanjm@ft.com,Female
708,Brewster,Towsie,12,62,48,46,btowsiejn@fema.gov,Male
709,Pamela,Shildrick,9,21,43,50,pshildrickjo@guardian.co.uk,Female
710,Gilbertine,MacChaell,12,40,54,52,gmacchaelljp@ucoz.com,Female
711,Dieter,Soigne,12,49,26,46,dsoignejq@biblegateway.com,Male
712,Barbee,Leaburn,9,97,60,29,bleaburnjr@upenn.edu,Female
713,Lesly,Pitman,10,52,94,95,lpitmanjs@mail.ru,Female
714,Devin,Elderidge,9,57,63,81,delderidgejt@vinaora.com,Female
715,Marius,Johnsee,10,90,93,53,mjohnseeju@infoseek.co.jp,Male
716,Lynnette,Ribbens,9,9,96,34,lribbensjv@plala.or.jp,Female
717,Errol,de Bullion,12,51,34,28,edebullionjw@mlb.com,Male
718,Peta,Buncher,12,96,47,68,pbuncherjx@imgur.com,Female
719,Jorey,McCaughan,12,66,23,9,jmccaughanjy@answers.com,Female
720,Berna,Melland,9,74,85,69,bmellandjz@wp.com,Female
721,Bunni,Welfair,9,40,84,59,bwelfairk0@state.gov,Female
722,Blair,Clawsley,12,39,26,42,bclawsleyk1@admin.ch,Male
723,Tremain,Maginn,11,52,52,10,tmaginnk2@senate.gov,Male
724,Esme,Lathwell,12,50,41,46,elathwellk3@last.fm,Male
725,Dani,Willman,12,82,89,6,dwillmank4@quantcast.com,Female
726,Sarajane,Casterton,9,83,16,91,scastertonk5@vinaora.com,Female
727,Lilly,Bachman,12,70,34,49,lbachmank6@livejournal.com,Female
728,Nyssa,Pedlar,9,76,89,85,npedlark7@google.com.hk,Female
729,Harriet,Ghilardi,9,80,46,63,hghilardik8@photobucket.com,Female
730,Charlena,Portress,10,68,16,23,cportressk9@kickstarter.com,Female
731,Kennett,Tolliday,11,67,81,90,ktollidayka@ustream.tv,Male
732,Jobye,Navarre,9,42,57,15,jnavarrekb@reddit.com,Female
733,Maura,Orry,12,29,75,82,morrykc@domainmarket.com,Female
734,Harald,Holton,9,12,85,2,hholtonkd@indiegogo.com,Male
735,Reece,Vannoort,9,38,85,98,rvannoortke@joomla.org,Male
736,Loralyn,Roche,11,12,53,54,lrochekf@wiley.com,Female
737,Audrie,Lewendon,10,1,69,85,alewendonkg@mapquest.com,Female
738,Rudolf,O'Scanlon,10,8,30,39,roscanlonkh@businesswire.com,Male
739,Etan,Repp,12,10,14,85,ereppki@pbs.org,Male
740,Julio,Maycey,10,11,100,1,jmayceykj@bbc.co.uk,Male
741,Terese,Medlar,10,29,53,96,tmedlarkk@thetimes.co.uk,Female
742,Tally,Bittlestone,12,100,50,6,tbittlestonekl@biblegateway.com,Male
743,Hayward,Clist,11,63,92,48,hclistkm@telegraph.co.uk,Male
744,Ham,Winspare,9,17,25,92,hwinsparekn@reddit.com,Male
745,Gregg,Penke,12,42,75,100,gpenkeko@princeton.edu,Male
746,Giusto,Flaxon,9,17,79,1,gflaxonkp@indiegogo.com,Male
747,Georgianne,Loos,10,47,34,16,glooskq@noaa.gov,Female
748,Shani,Phythian,11,70,98,38,sphythiankr@archive.org,Female
749,Rustin,Toffanelli,9,59,73,21,rtoffanelliks@squidoo.com,Male
750,Tommie,Proctor,10,54,69,25,tproctorkt@oracle.com,Male
751,Viviana,Rustman,12,8,1,35,vrustmanku@vinaora.com,Female
752,Urbanus,Probbin,9,58,96,21,uprobbinkv@123-reg.co.uk,Male
753,Kurt,Bilovsky,11,32,37,67,kbilovskykw@unesco.org,Male
754,Natale,Andriss,12,7,55,73,nandrisskx@yellowbook.com,Male
755,James,Wells,9,40,80,54,jwellsky@businesswire.com,Male
756,Aarika,Kellick,12,93,82,9,akellickkz@wunderground.com,Female
757,Dallas,MacAlpine,10,39,63,1,dmacalpinel0@booking.com,Male
758,Stevie,Danielovitch,11,53,24,7,sdanielovitchl1@bloglines.com,Male
759,Gerladina,Daviddi,10,59,56,44,gdaviddil2@fotki.com,Female
760,Billie,Boycott,11,4,22,27,bboycottl3@java.com,Female
761,Nerita,Oliver,11,91,7,65,noliverl4@ehow.com,Female
762,Templeton,Sertin,11,48,26,17,tsertinl5@theguardian.com,Male
763,Gaylor,Cordingly,11,0,21,90,gcordinglyl6@usda.gov,Male
764,Seka,Crouch,11,40,72,25,scrouchl7@ovh.net,Female
765,Chucho,Toffetto,10,13,36,53,ctoffettol8@smugmug.com,Male
766,Mirelle,Tenny,11,95,93,10,mtennyl9@slate.com,Female
767,Karie,Bowell,12,35,100,100,kbowellla@mapy.cz,Female
768,Chance,Sunley,10,55,80,11,csunleylb@tamu.edu,Male
769,Novelia,Commander,10,80,69,90,ncommanderlc@time.com,Female
770,Gayelord,Brockherst,12,53,72,92,gbrockherstld@walmart.com,Male
771,Larry,Blodgetts,11,40,97,57,lblodgettsle@independent.co.uk,Male
772,My,O'Shea,9,80,83,57,moshealf@constantcontact.com,Male
773,Florri,Tongue,12,75,89,5,ftonguelg@china.com.cn,Female
774,Codi,D'Almeida,12,69,75,63,cdalmeidalh@sina.com.cn,Female
775,Dawn,Hillum,11,8,19,37,dhillumli@trellian.com,Female
776,Rodrick,Linstead,12,11,24,81,rlinsteadlj@netscape.com,Male
777,Melli,Alway,9,57,76,37,malwaylk@shinystat.com,Female
778,Edvard,Wilber,11,63,47,71,ewilberll@cornell.edu,Male
779,Neils,Girauld,12,28,73,76,ngirauldlm@arstechnica.com,Male
780,Erinn,Rizzardo,9,53,98,23,erizzardoln@mozilla.org,Female
781,Scarface,Lane,12,70,95,52,slanelo@twitpic.com,Male
782,Alexei,Jouhan,10,87,55,32,ajouhanlp@usda.gov,Male
783,Annette,Clementel,11,96,93,5,aclementellq@reference.com,Female
784,Brianna,Dows,12,39,1,73,bdowslr@meetup.com,Female
785,Amandi,Guislin,10,41,90,16,aguislinls@vistaprint.com,Female
786,Christos,Bikker,11,46,30,17,cbikkerlt@wsj.com,Male
787,Witty,Pridden,12,20,2,84,wpriddenlu@over-blog.com,Male
788,Skell,Latta,12,70,78,36,slattalv@reuters.com,Male
789,Dorisa,Dachey,11,42,57,68,ddacheylw@sphinn.com,Female
790,Freddy,Aird,11,22,58,17,fairdlx@angelfire.com,Female
791,Korie,Moryson,12,75,5,53,kmorysonly@mozilla.com,Female
792,Kettie,Boerderman,10,43,35,66,kboerdermanlz@smh.com.au,Female
793,Vinny,Jorissen,10,89,56,93,vjorissenm0@fotki.com,Female
794,Anabal,Cogle,11,70,85,44,acoglem1@meetup.com,Female
795,Hamilton,MacCoveney,10,15,85,98,hmaccoveneym2@aol.com,Male
796,Kelsi,Norheny,12,5,54,6,knorhenym3@hexun.com,Female
797,Pancho,Maunton,12,27,22,67,pmauntonm4@state.tx.us,Male
798,Sky,Poltone,11,74,53,39,spoltonem5@geocities.jp,Male
799,Gregor,Iddons,12,83,6,57,giddonsm6@seattletimes.com,Male
800,Guilbert,Fowlston,10,50,55,0,gfowlstonm7@over-blog.com,Male
801,Porter,Storkes,10,94,7,6,pstorkesm8@prweb.com,Male
802,Albertina,Sannes,12,89,69,97,asannesm9@miitbeian.gov.cn,Female
803,Beilul,Jorge,9,47,84,33,bjorgema@qq.com,Female
804,Cosme,Geater,10,20,58,45,cgeatermb@myspace.com,Male
805,Elise,Demer,12,50,55,43,edemermc@army.mil,Female
806,Robinetta,Bomfield,9,2,32,57,rbomfieldmd@miitbeian.gov.cn,Female
807,Rena,Boerderman,11,83,24,87,rboerdermanme@constantcontact.com,Female
808,Jacki,Menear,11,75,29,89,jmenearmf@howstuffworks.com,Female
809,Dieter,McGrail,12,42,83,29,dmcgrailmg@example.com,Male
810,Nertie,Trunby,11,67,63,94,ntrunbymh@wix.com,Female
811,Denny,Pooley,10,19,40,86,dpooleymi@cnbc.com,Female
812,Garrik,GiacobbiniJacob,9,43,54,18,ggiacobbinijacobmj@tripadvisor.com,Male
813,Christos,Sambidge,10,79,66,84,csambidgemk@shop-pro.jp,Male
814,Alan,Grahlmans,11,10,38,2,agrahlmansml@psu.edu,Male
815,Ed,Kleinhaut,10,56,45,98,ekleinhautmm@dyndns.org,Male
816,Elsinore,McLarty,12,93,52,7,emclartymn@feedburner.com,Female
817,Alie,Frascone,12,3,61,75,afrasconemo@unesco.org,Female
818,Eada,Marco,10,78,60,74,emarcomp@mail.ru,Female
819,Luciano,Gronaller,12,89,99,87,lgronallermq@sitemeter.com,Male
820,Burlie,Hollingsbee,12,71,21,75,bhollingsbeemr@ted.com,Male
821,Griffin,Goodliff,11,32,46,28,ggoodliffms@51.la,Male
822,Gail,Weatherburn,11,61,79,100,gweatherburnmt@github.io,Female
823,Jedd,Betteson,11,97,100,6,jbettesonmu@liveinternet.ru,Male
824,Etheline,Brookbank,12,19,84,22,ebrookbankmv@geocities.jp,Female
825,Rory,Hellings,9,19,45,39,rhellingsmw@vk.com,Female
826,Michell,Nowill,10,11,41,77,mnowillmx@booking.com,Female
827,Benedick,Meakes,9,19,67,99,bmeakesmy@ustream.tv,Male
828,Cass,Santus,10,78,25,56,csantusmz@globo.com,Male
829,Kamila,McGrah,12,58,83,19,kmcgrahn0@storify.com,Female
830,Randolph,Keeting,9,86,84,35,rkeetingn1@yellowbook.com,Male
831,Jilli,Dalbey,10,39,24,5,jdalbeyn2@sohu.com,Female
832,Glennie,Prudham,11,98,19,10,gprudhamn3@paginegialle.it,Female
833,Jacquelynn,Fausch,9,98,40,95,jfauschn4@hostgator.com,Female
834,Carlie,Tattoo,9,3,35,4,ctattoon5@wsj.com,Male
835,Cooper,Adamovich,12,1,74,44,cadamovichn6@google.com,Male
836,Bent,Probetts,10,71,44,10,bprobettsn7@npr.org,Male
837,Jessy,Stealey,10,64,24,24,jstealeyn8@statcounter.com,Female
838,Nanon,Purchase,11,35,99,5,npurchasen9@boston.com,Female
839,Ashbey,Rallinshaw,10,69,40,85,arallinshawna@ustream.tv,Male
840,Mab,Drissell,9,19,88,15,mdrissellnb@howstuffworks.com,Female
841,Germaine,Holdey,10,45,31,91,gholdeync@ed.gov,Male
842,Carce,Elstub,11,35,93,19,celstubnd@phoca.cz,Male
843,Cazzie,Adamovitz,11,15,24,71,cadamovitzne@wikispaces.com,Male
844,Edwin,Southerns,10,35,62,74,esouthernsnf@nyu.edu,Male
845,Cynthea,Shelborne,11,83,22,57,cshelborneng@fema.gov,Female
846,Alix,Mostin,12,88,17,40,amostinnh@cocolog-nifty.com,Male
847,Cherie,Phelan,11,79,17,34,cphelanni@smugmug.com,Female
848,Maisey,Sambles,9,74,11,24,msamblesnj@people.com.cn,Female
849,Shalne,Warsap,9,62,96,81,swarsapnk@skype.com,Female
850,Charlotta,Bertomieu,10,73,54,62,cbertomieunl@fastcompany.com,Female
851,Marlena,O' Liddy,11,88,87,21,moliddynm@gmpg.org,Female
852,Yule,Cancellieri,10,82,71,8,ycancellierinn@about.me,Male
853,Arnold,MacIver,10,37,74,63,amaciverno@usatoday.com,Male
854,Tatiania,Guesford,12,16,71,58,tguesfordnp@pinterest.com,Female
855,Ruperto,Plinck,12,87,5,25,rplincknq@mapquest.com,Male
856,Sarena,Hawkridge,11,23,75,38,shawkridgenr@free.fr,Female
857,Dwain,Delahunty,12,6,97,46,ddelahuntyns@prlog.org,Male
858,Ban,Bleckly,12,37,80,7,bblecklynt@deliciousdays.com,Male
859,Frederick,Channon,12,20,73,83,fchannonnu@biblegateway.com,Male
860,Dyane,O' Clovan,9,39,58,65,doclovannv@spotify.com,Female
861,Janice,Kyllford,9,28,89,29,jkyllfordnw@google.cn,Female
862,Adel,Bleackly,11,36,13,87,ableacklynx@liveinternet.ru,Female
863,Arnie,Jaumet,12,63,34,14,ajaumetny@people.com.cn,Male
864,Marylou,Joselin,12,85,66,95,mjoselinnz@marriott.com,Female
865,Hugh,Andreutti,12,74,4,58,handreuttio0@qq.com,Male
866,Alastair,Bosse,9,32,61,94,abosseo1@webs.com,Male
867,Hakim,Jessel,12,22,82,48,hjesselo2@hubpages.com,Male
868,Poppy,Bozworth,10,35,87,13,pbozwortho3@meetup.com,Female
869,Sula,Pelosi,11,95,48,92,spelosio4@tripod.com,Female
870,Keefe,Custard,9,45,12,70,kcustardo5@mapquest.com,Male
871,Henrieta,Gorick,12,63,65,35,hgoricko6@privacy.gov.au,Female
872,Jacquelyn,Halwill,12,32,94,45,jhalwillo7@ibm.com,Female
873,Clare,Smorfit,10,10,63,73,csmorfito8@pinterest.com,Male
874,Rafael,Leidecker,11,16,83,66,rleideckero9@twitpic.com,Male
875,Malvina,Ifill,9,2,98,57,mifilloa@deliciousdays.com,Female
876,Donnie,Drogan,10,37,100,66,ddroganob@artisteer.com,Male
877,Merlina,Fenners,10,99,99,55,mfennersoc@weibo.com,Female
878,Blayne,Hardingham,11,96,67,4,bhardinghamod@mlb.com,Male
879,Jaynell,Shord,11,41,53,88,jshordoe@joomla.org,Female
880,Emma,Huddleston,12,20,34,24,ehuddlestonof@bbc.co.uk,Female
881,Elise,Skellen,10,80,1,88,eskellenog@biglobe.ne.jp,Female
882,Dolley,Cumber,12,72,35,77,dcumberoh@un.org,Female
883,Tressa,Duran,10,65,23,27,tduranoi@purevolume.com,Female
884,Vachel,Mallabone,9,57,57,62,vmallaboneoj@cyberchimps.com,Male
885,Heywood,Melan,9,73,27,57,hmelanok@comsenz.com,Male
886,Price,Baglow,9,1,28,21,pbaglowol@surveymonkey.com,Male
887,Culver,Spinas,9,40,17,96,cspinasom@bravesites.com,Male
888,Elise,Lightbourn,12,63,28,44,elightbournon@adobe.com,Female
889,Trescha,Arnli,10,66,23,50,tarnlioo@de.vu,Female
890,Clio,Soper,9,65,75,63,csoperop@themeforest.net,Female
891,Laverna,Iliffe,10,87,85,51,liliffeoq@biblegateway.com,Female
892,Ella,Goggins,12,17,96,37,egogginsor@vinaora.com,Female
893,Joshia,Lapish,11,42,62,81,jlapishos@purevolume.com,Male
894,Grover,Ancliff,11,85,95,4,gancliffot@economist.com,Male
895,Lindy,Shanahan,11,85,57,12,lshanahanou@flickr.com,Male
896,Rhianna,Sandcroft,9,61,57,16,rsandcroftov@sourceforge.net,Female
897,Waring,Gerrens,11,63,14,61,wgerrensow@comsenz.com,Male
898,Bryant,Englefield,9,42,38,50,benglefieldox@acquirethisname.com,Male
899,Carlos,Rooksby,10,68,11,48,crooksbyoy@google.co.uk,Male
900,Claiborn,Mozzetti,9,42,42,85,cmozzettioz@godaddy.com,Male
901,Romola,Kadar,10,70,76,26,rkadarp0@soundcloud.com,Female
902,Blakeley,Pickworth,11,86,98,53,bpickworthp1@live.com,Female
903,Georgetta,Crosston,12,82,57,76,gcrosstonp2@thetimes.co.uk,Female
904,Giorgia,Spencley,10,35,83,64,gspencleyp3@webmd.com,Female
905,Tammy,Cranna,12,49,23,36,tcrannap4@bloomberg.com,Female
906,Doy,Keysall,12,31,3,79,dkeysallp5@thetimes.co.uk,Male
907,Farr,Lange,10,78,54,18,flangep6@amazon.co.uk,Male
908,Read,Pyson,9,33,60,36,rpysonp7@hp.com,Male
909,Collen,Erbain,10,76,94,92,cerbainp8@hp.com,Female
910,Cosetta,Harryman,12,97,96,75,charrymanp9@ustream.tv,Female
911,Yard,MacGill,12,73,100,51,ymacgillpa@ucoz.ru,Male
912,Paxton,Simons,10,81,32,85,psimonspb@eepurl.com,Male
913,Bengt,Graver,10,61,72,31,bgraverpc@irs.gov,Male
914,Muffin,McElane,10,56,3,83,mmcelanepd@goo.gl,Female
915,Joell,Hustings,10,31,40,83,jhustingspe@pcworld.com,Female
916,Tomkin,Rustadge,10,22,26,97,trustadgepf@nasa.gov,Male
917,Aubert,Hoston,10,0,38,66,ahostonpg@nhs.uk,Male
918,Clara,Brown,11,13,50,80,cbrownph@123-reg.co.uk,Female
919,Rafaello,Croisier,12,80,1,77,rcroisierpi@time.com,Male
920,Clerc,Tuerena,9,18,6,38,ctuerenapj@cyberchimps.com,Male
921,Quinn,Pettman,10,22,21,88,qpettmanpk@elpais.com,Female
922,Tandi,Dessent,10,31,82,69,tdessentpl@lulu.com,Female
923,Roobbie,Getsham,10,30,73,62,rgetshampm@va.gov,Female
924,Nancey,Greschke,11,96,40,32,ngreschkepn@mlb.com,Female
925,Brenda,Ianitti,12,6,74,99,bianittipo@ted.com,Female
926,Maurene,Sloper,12,72,47,44,msloperpp@stanford.edu,Female
927,Mead,Pautard,9,49,47,27,mpautardpq@wisc.edu,Male
928,Gillian,Millsom,11,18,78,40,gmillsompr@w3.org,Female
929,Augustus,Scranney,9,86,70,83,ascranneyps@posterous.com,Male
930,Fay,Monkeman,11,66,94,18,fmonkemanpt@usa.gov,Female
931,Palmer,Petris,9,65,59,89,ppetrispu@huffingtonpost.com,Male
932,Padgett,Brooker,11,59,30,52,pbrookerpv@themeforest.net,Male
933,Niels,Bartolomeu,9,23,9,66,nbartolomeupw@ucla.edu,Male
934,Cris,Blowick,12,73,32,93,cblowickpx@google.com.br,Male
935,Drusie,Peron,10,94,9,96,dperonpy@sina.com.cn,Female
936,Monroe,Durdle,12,36,39,41,mdurdlepz@tuttocitta.it,Male
937,Fredra,Casari,11,8,63,61,fcasariq0@shareasale.com,Female
938,Shaylyn,Nassi,12,8,28,13,snassiq1@hp.com,Female
939,Roy,Stuffins,12,96,62,32,rstuffinsq2@wp.com,Male
940,Yvon,Wynter,10,13,95,47,ywynterq3@pagesperso-orange.fr,Male
941,Ileane,Fielden,12,97,10,42,ifieldenq4@yelp.com,Female
942,Yasmeen,Mingus,12,2,17,1,ymingusq5@apache.org,Female
943,Alyosha,Agius,11,47,10,48,aagiusq6@opensource.org,Male
944,Jerri,Akam,12,71,50,24,jakamq7@miitbeian.gov.cn,Male
945,Welby,Jiracek,9,57,74,70,wjiracekq8@cbslocal.com,Male
946,Amalee,Emloch,12,89,60,80,aemlochq9@de.vu,Female
947,Thadeus,Caro,11,25,33,45,tcaroqa@imgur.com,Male
948,Frans,Deetlefs,10,89,57,75,fdeetlefsqb@sourceforge.net,Male
949,Asa,Danovich,12,62,39,94,adanovichqc@unblog.fr,Male
950,Aleece,Greggs,9,77,88,58,agreggsqd@ucoz.com,Female
951,Currie,Storre,12,51,71,98,cstorreqe@oakley.com,Male
952,Jabez,Tassell,9,87,5,55,jtassellqf@php.net,Male
953,Muhammad,Dytham,11,41,4,100,mdythamqg@tinypic.com,Male
954,Fonzie,Fullerlove,9,17,30,93,ffullerloveqh@pinterest.com,Male
955,Cordelie,Gillimgham,9,38,33,15,cgillimghamqi@wufoo.com,Female
956,Osborne,Judd,11,25,49,9,ojuddqj@ehow.com,Male
957,Asia,Nesbit,12,17,87,29,anesbitqk@gnu.org,Female
958,Orran,Dallemore,9,86,74,79,odallemoreql@globo.com,Male
959,Rubin,Hurst,10,99,28,4,rhurstqm@51.la,Male
960,Jefferson,Allabarton,12,32,84,52,jallabartonqn@ca.gov,Male
961,Lavinie,Riehm,10,21,71,81,lriehmqo@nydailynews.com,Female
962,Fredia,Hatfield,10,81,37,98,fhatfieldqp@vimeo.com,Female
963,Elonore,Loosemore,11,46,78,27,eloosemoreqq@diigo.com,Female
964,Prentiss,Winwright,10,82,93,1,pwinwrightqr@domainmarket.com,Male
965,Brandi,Fidal,12,39,30,78,bfidalqs@imgur.com,Female
966,Agnella,McVrone,12,65,95,49,amcvroneqt@desdev.cn,Female
967,Ford,McCoy,11,26,42,25,fmccoyqu@issuu.com,Male
968,Lucille,Heake,11,33,17,21,lheakeqv@japanpost.jp,Female
969,Chev,Furzer,11,79,0,36,cfurzerqw@phpbb.com,Male
970,Annmaria,Simonian,10,17,73,29,asimonianqx@yahoo.com,Female
971,Ivett,Newlove,11,87,59,43,inewloveqy@alibaba.com,Female
972,Lauryn,Phifer,10,3,25,20,lphiferqz@acquirethisname.com,Female
973,Madge,O' Hogan,12,4,41,9,mohoganr0@google.com,Female
974,Dion,Leedal,10,58,13,75,dleedalr1@ameblo.jp,Female
975,Flora,Lucas,9,81,67,75,flucasr2@bandcamp.com,Female
976,Karlee,Petkens,10,28,31,91,kpetkensr3@cisco.com,Female
977,Brantley,Geydon,9,87,84,7,bgeydonr4@cnbc.com,Male
978,Nathanael,Farrimond,10,8,8,100,nfarrimondr5@cdbaby.com,Male
979,Joanna,Breeds,12,63,97,40,jbreedsr6@archive.org,Female
980,Marissa,Myner,9,44,80,61,mmynerr7@digg.com,Female
981,Ramsey,Longega,12,81,55,95,rlongegar8@mit.edu,Male
982,Conant,Suggett,9,18,53,55,csuggettr9@skyrock.com,Male
983,Jamima,Moulsdale,9,90,28,10,jmoulsdalera@mapquest.com,Female
984,Cordy,MacCracken,9,40,69,75,cmaccrackenrb@youku.com,Male
985,Quincey,Steane,11,13,11,77,qsteanerc@hhs.gov,Male
986,Bendick,Vannucci,9,99,70,9,bvannuccird@google.ru,Male
987,Modesty,Astridge,12,66,19,5,mastridgere@pcworld.com,Female
988,Roley,Blundell,9,71,43,79,rblundellrf@netlog.com,Male
989,Hal,Pearn,12,24,32,60,hpearnrg@sourceforge.net,Male
990,Ardelis,Bisco,11,69,81,39,abiscorh@house.gov,Female
991,Gusty,Mullinger,11,22,17,6,gmullingerri@artisteer.com,Female
992,Jethro,Housegoe,10,36,90,100,jhousegoerj@a8.net,Male
993,Aaron,Mollene,11,20,2,83,amollenerk@123-reg.co.uk,Male
994,Gracie,Campelli,12,71,14,26,gcampellirl@jiathis.com,Female
995,Augy,Huncoot,9,79,91,84,ahuncootrm@sciencedirect.com,Male
996,Wright,Pizzie,12,13,11,8,wpizziern@mtv.com,Male
997,Orsola,Eskrigge,9,69,63,70,oeskriggero@netlog.com,Female
998,Roderic,Breissan,11,39,15,50,rbreissanrp@howstuffworks.com,Male
999,Fredrick,Diemer,11,28,37,89,fdiemerrq@ucla.edu,Male
1000,Connor,Larkkem,9,6,94,31,clarkkemrr@apple.com,Male
